model_key,model,query_id,query,response,latency_seconds,response_length,tool_calls,num_tool_calls,error
phi,Phi-3.5-mini-instruct,1,"Hey, I am vegetarian, lactose intolerant and cook for 2 people. Suggest me something within $75/week.","Alex, try these vegetarian Indian dishes within your budget: Tibetan Greens with Tofu (Tse Tofu) - easy medium difficulty, Spiced Lentils - also medium, both fitting your cuisine preferences and household size. Estimated weekly cost is around $27. Check local Indian markets or online stores like Thrive Market or Whole Foods for ingredients.",8.157,342,"['get_user_profile', 'search_recipes', 'estimate_meal_plan_cost']",3,
phi,Phi-3.5-mini-instruct,2,"Can you plan out my meals for the entire week as I'm loaded with assignments, so keep dinner simple.","Plan your week with these easy vegetarian Indian and Mexican dishes within your $75 budget and 30-minute cook time:

- Peanut Ginger Tofu (20 mins): High protein, medium difficulty, uses spinach, onions, rice, and tofu.
- Tofu with Ginger Peanut Sauce (20 mins): Easy preparation, includes all key ingredients.
- Tibetan Greens with Tofu (20 mins): Rich in protein, suitable for balanced nutrition goals.

Estimated cost for this mix stays well below your week",10.96,460,"['get_user_profile', 'search_recipes_by_ingredients', 'search_recipes', 'estimate_meal_plan_cost']",4,
phi,Phi-3.5-mini-instruct,3,"I have chicken thighs, leftover rice from last night and some veggies. What can I make?","Alex, as a vegetarian with lactose intolerance aiming for balanced nutrition within your constraints, none of these recipes will suit you due to the inclusion of chicken. However, considering your available ingredients and preferences, an Indian Tofu Stir-Fry with Spinach and Onions could be a good fit. Here's why:

- It uses tofu (a plant-based protein) instead of chicken.
- Incorporates spinach and onions which align with your pantry items.
- Can be made quickly, fitting within your max cook time.
- Matches your cu",10.921,522,"['get_user_profile', 'search_recipes_by_ingredients']",2,
phi,Phi-3.5-mini-instruct,4,"I am gonna be home late tonight, what can I cook in 15-20 mins?","Alex, consider making Tibetan Greens with Tofu which takes about 20 minutes and fits your Indian cuisine preference within your vegetarian diet and lactose intolerance. It's also beginner-friendly and aligns with your balanced nutrition goal. Alternatively, Spiced Lentils could be another quick option at around 25 minutes, offering good protein content suitable for your needs. Both options utilize available pantry staples like spinach, onions, and tofu.",8.868,457,"['get_user_profile', 'search_recipes']",2,
phi,Phi-3.5-mini-instruct,5,How much protein was there in last night's chicken rice?,"The provided tool results indicate no direct information about protein content in a dish named ""last night's chicken rice."" However, given Alex's vegetarian dietary restriction, we should avoid recommending chicken-based recipes. Instead, considering his available pantry items and preferences, I would suggest an Indian-style Tofu and Spinach Curry which aligns with his cuisine preferences and can be made within his max cook time of 30 minutes. This option also adheres to his lactose intolerance and health goal of balanced nutrition.

Recommendation:
- Vegetarian",10.834,568,"['get_user_profile', 'search_recipes']",2,
phi,Phi-3.5-mini-instruct,6,"I already have eggs, spinach and onions so don't add them to my grocery list.","Based on your vegetarian Indian cuisine preferences and available ingredients, consider making Marco Polo Noodles with Spinach. It fits within your max cook time of 30 minutes, uses your existing pantry items (excluding eggs), and aligns with your health goal. Check out this recipe at an online store specializing in Indian vegetarian dishes. Since you mentioned avoiding eggs, ensure the version selected doesn't contain them. Also, verify if it meets your lactose restriction by checking labels or preparation methods.",9.155,521,"['get_user_profile', 'search_recipes_by_ingredients']",2,
phi,Phi-3.5-mini-instruct,7,Are there any good discounts or deals on salmon nearby?,"No current live deal information available. To find discounts on salmon within your $75 weekly budget, consider checking Safeway, Trader Joe's, Costco, Walmart, Target, Sprouts, and other local grocery stores near you during their weekly sales. Since Alex follows a vegetarian diet with lactose intolerance, focus on these stores for potential promotions on plant-based seafood alternatives like salmon substitutes made from algae or jackfruit which align with Indian and Mexican cuisine preferences.",9.358,500,"['get_user_profile', 'web_search']",2,
phi,Phi-3.5-mini-instruct,8,Can you swap Thursday dinner with something else? I don't feel like eating pasta today.,"Swap your Thursday pasta dinner for an Indian Vegetarian Paula Deen Spaghetti Pie (Recipe ID: 504126) which fits within your 30-minute cook time and uses available pantry items. Alternatively, try Alex's Parmesan Salsa Italian Glop (Recipe ID: 237999), also quick to prepare and aligns with your vegetarian diet. Both options avoid lactose and maintain balanced nutrition. Check local grocery stores for these recipes.",9.533,418,"['get_user_profile', 'search_recipes_by_ingredients', 'search_recipes']",3,
phi,Phi-3.5-mini-instruct,9,Create me a high protein breakfast while keeping my calorie goals in mind.,"High protein vegetarian breakfast option: Veggie Breakfast Burritos (vegetarian, easy, 10 mins). It's lactose-free and fits within your Indian and Mexican cuisine preferences. However, it contains higher fat percentage than desired. Alternative suggestion: Mozzarella Omelette with Egg Whites (lower fat, medium difficulty, 7 mins), also suitable but less protein compared to the first option. Check local Indian or Mexican markets for ingredient availability.",8.627,460,"['get_user_profile', 'search_recipes']",2,
phi,Phi-3.5-mini-instruct,10,How much am I looking to spend on groceries for the whole week?,"Based on Alex's vegetarian dietary preferences and lactose intolerance, spending approximately $27.2 for the week on groceries would cover Indian dishes like Tibetan Greens with Tofu and Spiced Lentils, along with an exotic snack of Toasted Nori with Sesame Seeds. These options align with his cuisine likes and skill level, fitting within his budget and cook time constraints. Check local Asian markets for best deals. (Note: Actual costs may vary; always verify store pricing.)",9.69,479,"['get_user_profile', 'search_recipes', 'estimate_meal_plan_cost']",3,
phi,Phi-3.5-mini-instruct,11,"My friends are coming over on Saturday, can you adjust the groceries accordingly?","Adjust your groceries for an Indian-Mexican fusion vegetarian meal within your $75 weekly budget. Focus on ingredients like spinach, onions, rice, lentils, and tofu. Check out these store options for potential deals:

1. Local Indian Groc0ver (store_url)
2. Mexican Food Market Hub (store_url)
3. Healthy Eats Supermarket (store_url)

Ensure lactose-free products are available at these locations. Remember to consider quick prep times suitable for beginners.",9.984,459,"['get_user_profile', 'estimate_meal_plan_cost']",2,
phi,Phi-3.5-mini-instruct,12,"I am going to try keto diet this week, can you update my preferences?","Alex's updated dietary restriction is now keto. Here are three tailored suggestions:

1. Keto Indian Spinach Curry with Tofu - Stick to low-carb ingredients like spinach and use coconut oil instead of traditional ghee.
2. Cauliflower Rice with Lentil Sausage - Substitute regular rice with cauliflower for a lower carb option.
3. Zucchini Noodles with Avocado Pesto - Utilize zucchini noodles (zoodles) as a base for an Italian-inspired dish",10.715,441,"['get_user_profile', 'update_user_profile']",2,
phi,Phi-3.5-mini-instruct,13,What can I make for my sick roommate?,"Given Alex's keto dietary restriction and lactose allergy, a suitable low-carb option would be spicy pan-seared salmon (recipe ID: 385840). It aligns with his health goal of balanced nutrition, fits within the max cook time of 30 minutes, uses beginner-friendly ingredients like spinach and onions available in the pantry, and avoids dairy products. This dish offers a good balance of protein without exceeding carb limits typical for a keto diet.

Recommended resources:
- Spicy Pan Seared Salmon Re",10.723,500,"['get_user_profile', 'search_recipes']",2,
phi,Phi-3.5-mini-instruct,14,I crave Indian food today. What can I cook?,"Alex, considering your keto dietary restriction and lactose intolerance, you should opt for low-carb Indian dishes with available ingredients. The ""The Better Butter Chicken"" fits well within your parameters; however, it contains dairy which may not align with your needs. Instead, consider modifying the ""One Pan Moroccan Stewed Chicken"" by substituting traditional cream with coconut milk to maintain flavor without compromising your diet. This recipe uses spinach, onions, and lentils—all of which you have at home—and takes about 25 minutes to prepare, fitting within your",10.717,576,"['get_user_profile', 'search_recipes']",2,
phi,Phi-3.5-mini-instruct,15,"I am allergic to nuts, help me cook something that avoids them.","Alex, considering your keto diet, lactose allergy, and Indian/Mexican cuisine preferences, try this low-carb spinach and tofu stir-fry with spices. It's dairy-free, uses available pantry items like spinach and tofu, fits within your max cook time of 30 minutes, and aligns with balanced nutrition goals. Check out beginner-friendly recipes online at local health food stores.",8.085,375,"['get_user_profile', 'search_recipes']",2,
phi,Phi-3.5-mini-instruct,16,I want to meal prep for the next 3 days on Sunday because I have midterms. Prep me a schedule.,"Alex's keto-friendly, lactose-free meal prep for three days could include:

- Day 1 & 2: Spicy Pan Seared Salmon with spinach (no rice) - quick, easy, fits dietary needs.
- Day 3: Tofu Stir-Fry with onions and lentils - low carb, uses available pantry items.

All within max 30 mins of cook time and beginner skill level. Check local Indian and Mexican markets for fresh ingredients.",9.449,383,"['get_user_profile', 'search_recipes']",2,
phi,Phi-3.5-mini-instruct,17,I don't have tomatoes. Can I still cook without them?,"Alex can prepare Indian dishes like Chana Masala (using lentils) or Tofu Palak Paneer (using spinach and tofu), which align with keto preferences and avoid tomatoes. These options fit within your 30-minute cook time and use available pantry items. Both are low-carb and suitable for lactose intolerance. Check local Indian restaurants or online platforms for authentic recipes.

Relevant search results summary:
- Searched for low-carb Indian recipes without tomatoes.
- Found Keto-friendly Indian dishes utilizing lentils and tofu.",10.762,532,"['get_user_profile', 'search_recipes_by_ingredients', 'search_recipes']",3,
phi,Phi-3.5-mini-instruct,18,Which store has the cheapest chicken breasts in my area today?,"Currently, no live deal information is available. To find the cheapest chicken breasts within your keto dietary needs and lactose allergy, consider checking weekly ads at Safeway, Trader Joe's, Costco, Walmart, Target, Sprouts, and nearby grocery stores in San Jose. Ensure you compare prices against your $75 weekly budget.",6.602,324,"['get_user_profile', 'web_search']",2,
phi,Phi-3.5-mini-instruct,19,What is everyone making for meal prep this week? Anything trending?,"Alex, considering your keto dietary restriction and lactose intolerance, I'd recommend trying the spicy pan-seared salmon (Recipe ID: 385840) which aligns with your cuisine preferences and fits within your max cook time of 30 minutes. It requires no dairy and is low in carbs. Here are three key points:

- Keto-friendly, complies with your dietary needs
- Matches Indian and Mexican flavors
- Fits within your 30-minute cook time limit

For shopping, look at local grocery",10.721,473,"['get_user_profile', 'web_search', 'search_recipes', 'estimate_meal_plan_cost']",4,
phi,Phi-3.5-mini-instruct,20,How long would meal prep last in the fridge before it goes bad?,"Alex's prepared keto Indian or Mexican meals should ideally last between 3 to 4 days in the refrigerator. Store them in shallow airtight containers after reheating to steaming hot. Discard if there's an off smell, visible mold, or if the storage duration exceeds this range. Given the household size of two and a max cook time of 30 minutes, quick-cooling methods like stir-frying can be efficient for meal prep. Always ensure food safety by following these guidelines. Check local health resources for specific advice tailored to your stored ingredients.",10.493,555,"['get_user_profile', 'food_safety_guidance']",2,
llama,Llama-3.1-8B-Instruct,1,"Hey, I am vegetarian, lactose intolerant and cook for 2 people. Suggest me something within $75/week.","Based on your preferences, I recommend the ""Spiced Lentils"" recipe. It's a great option for a balanced vegetarian meal that fits within your budget of $75/week. Here are three reasons why:

* This recipe is lactose-free and vegetarian-friendly.
* It's quick to make, taking only 25 minutes to cook.
* The estimated cost of this meal is relatively low, making it a great fit for your weekly budget.",7.277,397,"['get_user_profile', 'search_recipes', 'estimate_meal_plan_cost']",3,
llama,Llama-3.1-8B-Instruct,2,"Can you plan out my meals for the entire week as I'm loaded with assignments, so keep dinner simple.","Based on your preferences, I've planned a simple and balanced vegetarian meal plan for the week. Here's a suggested meal plan:

Monday: Peanut Ginger Tofu (20 minutes) - A flavorful and nutritious dish made with tofu, spinach, and peanuts.
Tuesday: Spiced Lentils (25 minutes) - A hearty and comforting bowl filled with lentils, onions, and spices.
Wednesday: Tofu with Ginger Peanut Sauce (20 minutes) - A quick and easy",7.418,421,"['get_user_profile', 'search_recipes_by_ingredients', 'search_recipes', 'estimate_meal_plan_cost']",4,
llama,Llama-3.1-8B-Instruct,3,"I have chicken thighs, leftover rice from last night and some veggies. What can I make?","Since you have chicken thighs, leftover rice, and veggies, I recommend making a simple Chicken Fajita-style dish. Here's a suggestion:

* Cook sliced chicken with sautéed onions and your favorite veggies (e.g., bell peppers, carrots) in a pan.
* Serve with steamed veggies and leftover rice.
* Add some Indian-inspired spices like cumin and coriander to give it a flavorful twist.

This recipe should fit your vegetarian diet and cooking time",7.491,442,"['get_user_profile', 'search_recipes_by_ingredients']",2,
llama,Llama-3.1-8B-Instruct,4,"I am gonna be home late tonight, what can I cook in 15-20 mins?","Considering your vegetarian diet and 15-20 minute cooking time, I recommend making Tibetan Greens with Tofu. It's a quick and nutritious option that should fit within your time frame. Here are three key points:

* This dish is a good source of protein and fiber.
* It's relatively low in calories and fat.
* You likely have most of the ingredients already in your pantry.",6.202,371,"['get_user_profile', 'search_recipes']",2,
llama,Llama-3.1-8B-Instruct,5,How much protein was there in last night's chicken rice?,"Unfortunately, I couldn't find any information about last night's chicken rice in the provided tool results. However, I can tell you that none of the matching recipes (low carb pizza crust, spicy sriracha ramen, creamy orange salad dressing) contain chicken.",4.044,258,"['get_user_profile', 'search_recipes']",2,
llama,Llama-3.1-8B-Instruct,6,"I already have eggs, spinach and onions so don't add them to my grocery list.","Based on your preferences and available pantry items, I recommend making a simple **Vegetarian Lentil Curry**. 

Here's a brief grocery list:

• Lentils
• Rice
• Tofu
• Canned tomatoes
• Vegetable oil
• Spices (e.g., cumin, turmeric)

This dish should fit within your weekly budget of $75 and can be cooked within 30 minutes.",6.57,325,"['get_user_profile', 'search_recipes_by_ingredients']",2,
llama,Llama-3.1-8B-Instruct,7,Are there any good discounts or deals on salmon nearby?,"Unfortunately, there are no live deals available for salmon. However, you can check weekly ads for nearby stores like Safeway, Trader Joe's, Costco, Walmart, Target, Sprouts, and local grocery stores in San Jose for potential discounts.",3.898,236,"['get_user_profile', 'web_search']",2,
llama,Llama-3.1-8B-Instruct,8,Can you swap Thursday dinner with something else? I don't feel like eating pasta today.,"I'd be happy to help you swap Thursday dinner. Since you're not in the mood for pasta, I'll suggest some vegetarian options that fit your preferences. How about trying a flavorful Indian-inspired dish like Vegetable Biryani? It's quick, easy, and lactose-free. Here are three options:

* **Vegetable Biryani**: Aromatic basmati rice with sautéed vegetables and spices.
* **Roasted Vegetable Wrap**: Whole wheat wrap",7.497,415,"['get_user_profile', 'search_recipes_by_ingredients', 'search_recipes']",3,
llama,Llama-3.1-8B-Instruct,9,Create me a high protein breakfast while keeping my calorie goals in mind.,"Based on your profile, I recommend the ""veggie breakfast burritos"" recipe. It's a high protein option with 57% of the daily value per serving, made within 30 minutes, and suitable for a vegetarian diet. Here are three key details:

* This recipe is lactose-free, considering your allergy.
* It's a balanced breakfast option with a mix of protein, carbs, and fat.
* The cooking time fits within your 30-minute limit.",7.296,415,"['get_user_profile', 'search_recipes']",2,
llama,Llama-3.1-8B-Instruct,10,How much am I looking to spend on groceries for the whole week?,"Based on the provided recipes, the estimated weekly grocery cost is around $27.20. This estimate includes ingredients for three recipes: Tibetan Greens with Tofu, Spiced Lentils, and Toasted Nori with Sesame Seeds. These recipes should fit within your weekly budget of $75.00.",4.803,276,"['get_user_profile', 'search_recipes', 'estimate_meal_plan_cost']",3,
llama,Llama-3.1-8B-Instruct,11,"My friends are coming over on Saturday, can you adjust the groceries accordingly?","To accommodate your friends, I'll suggest a few options. Since you're hosting on Saturday, let's plan for a weekend meal. Considering your vegetarian diet and lactose allergy, I recommend making a large batch of Vegetable Biryani (Indian cuisine) or a big bowl of Lentil Chili (Mexican-inspired). Both options should take about 30 minutes to prepare and are beginner-friendly.

For Vegetable Biryani:
• Buy basmati rice, mixed vegetables (car",7.254,442,"['get_user_profile', 'estimate_meal_plan_cost']",2,
llama,Llama-3.1-8B-Instruct,12,"I am going to try keto diet this week, can you update my preferences?","I've updated your profile to reflect your new keto diet preference. Here's a brief summary of your updated profile:

* Dietary restrictions: keto
* Allergies: lactose
* Health goal: balanced nutrition
* Weekly budget: $75
* Household size: 2
* Max cook time: 30 minutes
* Skill level: beginner
* Cuisine preferences: Indian, Mexican
* Pantry items: spinach, onions, rice, lentils, tofu",7.378,385,"['get_user_profile', 'update_user_profile']",2,
llama,Llama-3.1-8B-Instruct,13,What can I make for my sick roommate?,"Considering your roommate's illness, I recommend a comforting and easy-to-digest option. Since you're on a keto diet, I'll suggest a low-carb recipe. A simple **Lentil Soup** would be a good choice. Here are three reasons why:

* It's easy to digest when feeling unwell.
* Lentils are a good source of protein and fiber.
* This dish aligns with your keto diet and can be made within 30 minutes.

You",7.3,399,"['get_user_profile', 'search_recipes']",2,
llama,Llama-3.1-8B-Instruct,14,I crave Indian food today. What can I cook?,"Considering your keto diet and lactose allergy, I recommend cooking a keto-friendly Indian dish. A suitable option is a low-carb Indian-inspired recipe with chicken. Here's a suggestion:

* Chicken Tikka Masala (modify it to be keto by reducing the sauce's sugar content)
* Use cauliflower rice instead of regular rice
* Replace dairy products with lactose-free alternatives

This dish should fit within your 30-minute cook time and accommodate your dietary needs.",7.091,464,"['get_user_profile', 'search_recipes']",2,
llama,Llama-3.1-8B-Instruct,15,"I am allergic to nuts, help me cook something that avoids them.","Since you're allergic to nuts, I'll suggest a nut-free keto recipe. Unfortunately, none of the provided recipes match your requirements due to containing ingredients like sesame (sesame crusted wild salmon) or being unsuitable for a keto diet (chicken in sour cream crock pot). 

A safer alternative is to make a simple Indian-inspired dish with rice and lentils, which are already in your pantry. Here's a suggestion:

* Cook lentils according to package instructions",7.326,468,"['get_user_profile', 'search_recipes']",2,
llama,Llama-3.1-8B-Instruct,16,I want to meal prep for the next 3 days on Sunday because I have midterms. Prep me a schedule.,"Given your keto diet and lactose allergy, I've planned a 3-day meal prep schedule for you:

**Sunday (Day 1)**

* Breakfast: Keto-friendly omelette with spinach and onions (use your pantry item)
* Lunch: Chicken breast with roasted vegetables (use your pantry item)
* Dinner: Lentil and vegetable curry (use your pantry item)

**Monday (Day 2)**

* Breakfast: Tofu scramble with spinach and onions",7.25,397,"['get_user_profile', 'search_recipes']",2,
llama,Llama-3.1-8B-Instruct,17,I don't have tomatoes. Can I still cook without them?,"Since you don't have tomatoes, I'll suggest a recipe that doesn't require them. Here's a suitable option:

Consider making a **Lentil and Spinach Curry** (a keto-friendly dish). It's a great way to use your pantry items like lentils, spinach, and onions. This recipe should take about 20-25 minutes to cook and is a good fit for your dietary needs.

Here are three key points about this recipe:

*   It's",7.312,404,"['get_user_profile', 'search_recipes_by_ingredients', 'search_recipes']",3,
llama,Llama-3.1-8B-Instruct,18,Which store has the cheapest chicken breasts in my area today?,"Unfortunately, live grocery deals are currently unavailable. However, you can check weekly ads for the following stores near San Jose:

* Safeway
* Trader Joe's
* Costco
* Walmart
* Target
* Sprouts

These stores may have the cheapest chicken breasts available.",4.249,261,"['get_user_profile', 'web_search']",2,
llama,Llama-3.1-8B-Instruct,19,What is everyone making for meal prep this week? Anything trending?,"Based on the search results, it seems that meal prep ideas with pre-cooked ingredients and ready-to-eat meals are trending. Here's a brief summary:

*   **Meal Prep Ideas:** Consider making dishes like chicken or fish with low-carb sides, such as cauliflower rice or roasted vegetables.
*   **Trending Recipes:** Some popular options include spicy pan-seared salmon or chicken in a crock pot with a side of cauliflower mash.
*   **Grocery Shopping",7.313,447,"['get_user_profile', 'web_search', 'search_recipes', 'estimate_meal_plan_cost']",4,
llama,Llama-3.1-8B-Instruct,20,How long would meal prep last in the fridge before it goes bad?,"According to food safety guidelines, meal prep typically lasts 3 to 4 days in the refrigerator. To ensure food safety, reheat leftovers to steaming hot, store them in shallow airtight containers, and discard any food with off smells, mold, or if stored beyond the recommended time.",4.635,281,"['get_user_profile', 'food_safety_guidance']",2,
